{
  "type": "FeatureCollection",
  "features": [
    {
      "type": "Feature",
      "properties": {
        "districtCode": "78962969B93937525115566",
        "districtName": "Bang Ban",
        "labelPoint": [
          100.46455791473223,
          14.383899919966302
        ],
        "sourceShapeID": "78962969B93937525115566",
        "shapeType": "ADM2"
      },
      "geometry": {
        "type": "Polygon",
        "coordinates": [
          [
            [
              100.41004222800007,
              14.429569421000053
            ],
            [
              100.41540353100004,
              14.41819379900005
            ],
            [
              100.41746935200007,
              14.401651092000066
            ],
            [
              100.41628211500006,
              14.396396025000058
            ],
            [
              100.41592522500008,
              14.374830882000026
            ],
            [
              100.41876812200007,
              14.366852616000074
            ],
            [
              100.42149253700006,
              14.368219485000054
            ],
            [
              100.42536239300006,
              14.367731162000041
            ],
            [
              100.43674093900006,
              14.364143945000023
            ],
            [
              100.43115261300005,
              14.355080220000048
            ],
            [
              100.42661479600008,
              14.342723613000032
            ],
            [
              100.42023343500006,
              14.33850902000006
            ],
            [
              100.41949443500005,
              14.33638916800004
            ],
            [
              100.42067777600005,
              14.330771687000038
            ],
            [
              100.42583900400007,
              14.330924743000026
            ],
            [
              100.42864236500009,
              14.326641529000028
            ],
            [
              100.43200830400008,
              14.307272767000029
            ],
            [
              100.44863832700008,
              14.323499764000076
            ],
            [
              100.46883896400004,
              14.31864044100007
            ],
            [
              100.47700049000008,
              14.319889450000062
            ],
            [
              100.48074888600007,
              14.31676879500003
            ],
            [
              100.48401162400006,
              14.31752463600003
            ],
            [
              100.49095408800008,
              14.325483342000041
            ],
            [
              100.49800213700007,
              14.329084526000031
            ],
            [
              100.50625578900008,
              14.328068728000062
            ],
            [
              100.50823925500003,
              14.325487617000022
            ],
            [
              100.51198545900007,
              14.327320757000052
            ],
            [
              100.51566235200005,
              14.334136496000042
            ],
            [
              100.51568515900004,
              14.335557133000066
            ],
            [
              100.50948113100009,
              14.335749603000068
            ],
            [
              100.51253814300009,
              14.341679403000057
            ],
            [
              100.51108198400004,
              14.343413729000076
            ],
            [
              100.51484437600004,
              14.349224870000057
            ],
            [
              100.51282735000007,
              14.350383779000026
            ],
            [
              100.51376741800004,
              14.353356850000068
            ],
            [
              100.51202936600004,
              14.352071912000042
            ],
            [
              100.51531403200005,
              14.357838708000031
            ],
            [
              100.51759392900004,
              14.358141488000058
            ],
            [
              100.51882328000005,
              14.36155668500004
            ],
            [
              100.52076857500003,
              14.360248178000063
            ],
            [
              100.51922573200005,
              14.36242799200005
            ],
            [
              100.52192209500004,
              14.365077503000066
            ],
            [
              100.52140918300006,
              14.36967257300006
            ],
            [
              100.51914866500005,
              14.368924407000065
            ],
            [
              100.51874656500007,
              14.371184536000044
            ],
            [
              100.52148465100004,
              14.372869648000062
            ],
            [
              100.51631383000006,
              14.37537207500003
            ],
            [
              100.51537636400008,
              14.37423523900003
            ],
            [
              100.51655530000005,
              14.375904497000022
            ],
            [
              100.51567979200007,
              14.376474441000028
            ],
            [
              100.51421313400004,
              14.37476702400005
            ],
            [
              100.51472764600004,
              14.376112455000055
            ],
            [
              100.51068075900008,
              14.37953310100005
            ],
            [
              100.50890031600005,
              14.377765646000057
            ],
            [
              100.50733089300007,
              14.380715287000044
            ],
            [
              100.50383303700005,
              14.38291305000007
            ],
            [
              100.50550360700004,
              14.384823734000065
            ],
            [
              100.50431579400004,
              14.384959693000042
            ],
            [
              100.50435556600007,
              14.386581671000044
            ],
            [
              100.50300218400008,
              14.385021282000025
            ],
            [
              100.50055144400005,
              14.385112003000074
            ],
            [
              100.50249473200006,
              14.388409899000067
            ],
            [
              100.49863224300003,
              14.396495473000073
            ],
            [
              100.50021621100007,
              14.399379138000029
            ],
            [
              100.49898915300008,
              14.399296478000053
            ],
            [
              100.49882436800004,
              14.401322379000021
            ],
            [
              100.50494919300007,
              14.405893383000034
            ],
            [
              100.50827819400007,
              14.421763610000028
            ],
            [
              100.50818825400006,
              14.432273739000038
            ],
            [
              100.51260364000007,
              14.43803659100007
            ],
            [
              100.50676015500005,
              14.443654365000043
            ],
            [
              100.50577345700003,
              14.449055461000057
            ],
            [
              100.50167727300004,
              14.451439406000077
            ],
            [
              100.50099778423416,
              14.455717127876277
            ],
            [
              100.4713669,
              14.4380531
            ],
            [
              100.4635163210882,
              14.440940708829231
            ],
            [
              100.46162784400008,
              14.439163288000032
            ],
            [
              100.45943591400004,
              14.439039429000047
            ],
            [
              100.45614523400008,
              14.442307662000076
            ],
            [
              100.44856402700003,
              14.442177197000035
            ],
            [
              100.44770876100006,
              14.443823768000073
            ],
            [
              100.440273285173,
              14.445885320282079
            ],
            [
              100.4272003,
              14.4438877
            ],
            [
              100.4249878,
              14.4466648
            ],
            [
              100.4247166000864,
              14.44818391793748
            ],
            [
              100.42020840100008,
              14.447148438000056
            ],
            [
              100.41249009900008,
              14.43695006300004
            ],
            [
              100.41004222800007,
              14.429569421000053
            ]
          ]
        ]
      }
    },
    {
      "type": "Feature",
      "properties": {
        "districtCode": "78962969B12192393501307",
        "districtName": "Bang Pahan",
        "labelPoint": [
          100.54912585467395,
          14.473362838217191
        ],
        "sourceShapeID": "78962969B12192393501307",
        "shapeType": "ADM2"
      },
      "geometry": {
        "type": "Polygon",
        "coordinates": [
          [
            [
              100.50099778423416,
              14.455717127876277
            ],
            [
              100.50167727300004,
              14.451439406000077
            ],
            [
              100.50577345700003,
              14.449055461000057
            ],
            [
              100.50676015500005,
              14.443654365000043
            ],
            [
              100.51260364000007,
              14.43803659100007
            ],
            [
              100.50818825400006,
              14.432273739000038
            ],
            [
              100.50827819400007,
              14.421763610000028
            ],
            [
              100.50494919300007,
              14.405893383000034
            ],
            [
              100.51316568300007,
              14.405097836000039
            ],
            [
              100.51907110700006,
              14.40269524100006
            ],
            [
              100.52332985700008,
              14.403798489000053
            ],
            [
              100.52347822300004,
              14.405665655000064
            ],
            [
              100.52576253700005,
              14.405580265000026
            ],
            [
              100.52720408600004,
              14.40711230100004
            ],
            [
              100.52976688600006,
              14.405170772000076
            ],
            [
              100.52844050600004,
              14.401861334000046
            ],
            [
              100.54673171700006,
              14.402449234000073
            ],
            [
              100.54962762500008,
              14.405261859000063
            ],
            [
              100.55963605200009,
              14.404103287000055
            ],
            [
              100.57446327500008,
              14.404702452000038
            ],
            [
              100.57664385000004,
              14.404736827000022
            ],
            [
              100.57849174600005,
              14.41888210600007
            ],
            [
              100.57776219500005,
              14.42216938100006
            ],
            [
              100.58045586900005,
              14.430120442000032
            ],
            [
              100.59507308000008,
              14.433593076000022
            ],
            [
              100.59764334000005,
              14.435025567000025
            ],
            [
              100.59809020500006,
              14.437631277000037
            ],
            [
              100.59711237600004,
              14.44089406200004
            ],
            [
              100.58450612000007,
              14.450881761000062
            ],
            [
              100.57577824000003,
              14.454979485000024
            ],
            [
              100.57484935400004,
              14.456281407000063
            ],
            [
              100.57666985100008,
              14.461546945000066
            ],
            [
              100.57571693700004,
              14.464965388000053
            ],
            [
              100.57293660000005,
              14.46657243900006
            ],
            [
              100.56672848300008,
              14.46571250900007
            ],
            [
              100.56478571700006,
              14.466543897000065
            ],
            [
              100.56454498000005,
              14.468243941000026
            ],
            [
              100.56554019700008,
              14.470743319000064
            ],
            [
              100.57372614200006,
              14.474740139000062
            ],
            [
              100.57566691900007,
              14.478523332000066
            ],
            [
              100.58601841400008,
              14.487391051000031
            ],
            [
              100.58312133100009,
              14.494284855000046
            ],
            [
              100.58623437100005,
              14.497012936000033
            ],
            [
              100.59152567000007,
              14.506307640000045
            ],
            [
              100.59772575800008,
              14.511138106000033
            ],
            [
              100.60054355200003,
              14.515231272000051
            ],
            [
              100.59981475600006,
              14.52975757400003
            ],
            [
              100.59314446300004,
              14.535903585000028
            ],
            [
              100.59473912900006,
              14.540808793000053
            ],
            [
              100.60172702300008,
              14.542543482000042
            ],
            [
              100.60343704200005,
              14.54425886100006
            ],
            [
              100.60228773300331,
              14.551446636713898
            ],
            [
              100.5983276,
              14.5536098
            ],
            [
              100.59831090701803,
              14.553632437845796
            ],
            [
              100.58744868200006,
              14.551839692000044
            ],
            [
              100.57190613900008,
              14.546866732000069
            ],
            [
              100.56253492000008,
              14.54129230500007
            ],
            [
              100.54923114900004,
              14.526186572000029
            ],
            [
              100.54442903100005,
              14.523768611000037
            ],
            [
              100.53122941600009,
              14.525516458000027
            ],
            [
              100.52479224600006,
              14.523267704000034
            ],
            [
              100.52137197000008,
              14.519943975000047
            ],
            [
              100.51405471400005,
              14.525289153000074
            ],
            [
              100.51341564200004,
              14.52686641400004
            ],
            [
              100.51611509000008,
              14.53175152700004
            ],
            [
              100.51357281500003,
              14.533053480000035
            ],
            [
              100.50825392000007,
              14.532358222000028
            ],
            [
              100.50760623400004,
              14.523920983000039
            ],
            [
              100.50372960600004,
              14.51123383600003
            ],
            [
              100.50250261687056,
              14.510636345891408
            ],
            [
              100.5069427,
              14.5049992
            ],
            [
              100.5086136,
              14.4980526
            ],
            [
              100.5049896,
              14.4605541
            ],
            [
              100.5030518,
              14.4569416
            ],
            [
              100.50099778423416,
              14.455717127876277
            ]
          ]
        ]
      }
    },
    {
      "type": "Feature",
      "properties": {
        "districtCode": "78962969B94424905183361",
        "districtName": "Bang Pa-In",
        "labelPoint": [
          100.59433947944127,
          14.239049302647873
        ],
        "sourceShapeID": "78962969B94424905183361",
        "shapeType": "ADM2"
      },
      "geometry": {
        "type": "Polygon",
        "coordinates": [
          [
            [
              100.51753987600006,
              14.239109512000027
            ],
            [
              100.52532728800008,
              14.230610859000024
            ],
            [
              100.52996769400005,
              14.22814268600007
            ],
            [
              100.52833189000006,
              14.225262024000074
            ],
            [
              100.53051064000005,
              14.219710207000048
            ],
            [
              100.52934180100004,
              14.212574834000065
            ],
            [
              100.53294682900008,
              14.212275265000073
            ],
            [
              100.53194068700009,
              14.209158280000054
            ],
            [
              100.53289346500009,
              14.206161093000048
            ],
            [
              100.52947004000004,
              14.19706201400004
            ],
            [
              100.53176485100005,
              14.194264273000044
            ],
            [
              100.53164160900008,
              14.183264079000026
            ],
            [
              100.53404005200008,
              14.163762346000055
            ],
            [
              100.53601338600004,
              14.162323805000028
            ],
            [
              100.53617276900007,
              14.160072291000063
            ],
            [
              100.53866933600005,
              14.160001462000025
            ],
            [
              100.53869648300008,
              14.162255851000054
            ],
            [
              100.53971432400004,
              14.162180964000072
            ],
            [
              100.54098020600009,
              14.159879549000038
            ],
            [
              100.54379606700007,
              14.160228160000031
            ],
            [
              100.54485555500008,
              14.15845198900007
            ],
            [
              100.54754443100006,
              14.158989176000034
            ],
            [
              100.55010180600004,
              14.157406499000047
            ],
            [
              100.55666119800009,
              14.14844056100003
            ],
            [
              100.56485106600007,
              14.146800037000048
            ],
            [
              100.57245135200009,
              14.14332360700007
            ],
            [
              100.57446816600009,
              14.13821690900005
            ],
            [
              100.57898387100005,
              14.138780455000074
            ],
            [
              100.58047096700005,
              14.127746356000046
            ],
            [
              100.5814586776213,
              14.128273473023341
            ],
            [
              100.5818085,
              14.1285273
            ],
            [
              100.58207672809519,
              14.128603311458848
            ],
            [
              100.58213962500008,
              14.128636878000066
            ],
            [
              100.59333046500007,
              14.132369915000027
            ],
            [
              100.59532843651816,
              14.132358629069085
            ],
            [
              100.60225091578128,
              14.134320346566447
            ],
            [
              100.60690134400005,
              14.13621482900004
            ],
            [
              100.60694029554546,
              14.136179112334235
            ],
            [
              100.6175741,
              14.1445339
            ],
            [
              100.61966335775605,
              14.144571342790956
            ],
            [
              100.61935461300004,
              14.189966722000065
            ],
            [
              100.61404218000007,
              14.192980551000062
            ],
            [
              100.61968633800007,
              14.196666609000033
            ],
            [
              100.62088880900006,
              14.200112453000031
            ],
            [
              100.62836857300005,
              14.207178390000024
            ],
            [
              100.63368494300005,
              14.20791532000004
            ],
            [
              100.64004445400008,
              14.213229678000062
            ],
            [
              100.64376619100005,
              14.212178856000037
            ],
            [
              100.64446449000008,
              14.218818765000037
            ],
            [
              100.64701791300007,
              14.22284213000006
            ],
            [
              100.63674901000007,
              14.229704343000037
            ],
            [
              100.63500784700005,
              14.22946649000005
            ],
            [
              100.63523181600004,
              14.23052866100005
            ],
            [
              100.64874652300006,
              14.23877894800006
            ],
            [
              100.65107432400004,
              14.244015808000029
            ],
            [
              100.65933513300007,
              14.250865928000053
            ],
            [
              100.66063477100005,
              14.255547812000032
            ],
            [
              100.66845547000008,
              14.265184085000044
            ],
            [
              100.67701003300004,
              14.268012210000052
            ],
            [
              100.67394127400007,
              14.274813186000074
            ],
            [
              100.67711473600008,
              14.277242185000034
            ],
            [
              100.67895902400005,
              14.283674445000031
            ],
            [
              100.67817432900006,
              14.285644239000021
            ],
            [
              100.68051847800007,
              14.286444107000023
            ],
            [
              100.68207285500006,
              14.29308375100004
            ],
            [
              100.68378329600006,
              14.294450864000055
            ],
            [
              100.68440418600005,
              14.29735183200006
            ],
            [
              100.68283819300007,
              14.299062724000066
            ],
            [
              100.68264910000005,
              14.301118247000034
            ],
            [
              100.67861150300007,
              14.30134100600003
            ],
            [
              100.67572484300007,
              14.310660792000022
            ],
            [
              100.66905389400006,
              14.310350365000033
            ],
            [
              100.66981374900007,
              14.311828899000034
            ],
            [
              100.66694890700006,
              14.313371730000028
            ],
            [
              100.66735827100007,
              14.315940387000069
            ],
            [
              100.65910791700009,
              14.322965929000077
            ],
            [
              100.65213801000004,
              14.322060928000042
            ],
            [
              100.62970402600007,
              14.323369060000061
            ],
            [
              100.60440664700008,
              14.32422213700005
            ],
            [
              100.59023513900007,
              14.32037032900007
            ],
            [
              100.58461911200004,
              14.321350143000075
            ],
            [
              100.58673546200004,
              14.303705089000061
            ],
            [
              100.56615867200009,
              14.304641250000032
            ],
            [
              100.56569198800008,
              14.302372266000077
            ],
            [
              100.56315087400009,
              14.302371522000044
            ],
            [
              100.56072246000008,
              14.29902897900007
            ],
            [
              100.55765124900006,
              14.300231331000077
            ],
            [
              100.55665679200007,
              14.298222344000067
            ],
            [
              100.54828277300004,
              14.300839979000045
            ],
            [
              100.54485185300007,
              14.296503935000032
            ],
            [
              100.53667394200005,
              14.29390657700003
            ],
            [
              100.53330770600007,
              14.283704312000054
            ],
            [
              100.52703105400008,
              14.279706176000047
            ],
            [
              100.52250585600007,
              14.276067739000041
            ],
            [
              100.52549752800007,
              14.274436025000057
            ],
            [
              100.52707231800008,
              14.275381759000027
            ],
            [
              100.52601669600006,
              14.25815712700006
            ],
            [
              100.52968270400004,
              14.25524844000006
            ],
            [
              100.52934915500003,
              14.251977585000077
            ],
            [
              100.53057817800004,
              14.25075916700007
            ],
            [
              100.52810398700007,
              14.247368289000065
            ],
            [
              100.52792431200004,
              14.240318148000028
            ],
            [
              100.51753987600006,
              14.239109512000027
            ]
          ]
        ]
      }
    },
    {
      "type": "Feature",
      "properties": {
        "districtCode": "78962969B26505935473539",
        "districtName": "Bang Sai",
        "labelPoint": [
          100.48472323553514,
          14.213684984309147
        ],
        "sourceShapeID": "78962969B26505935473539",
        "shapeType": "ADM2"
      },
      "geometry": {
        "type": "Polygon",
        "coordinates": [
          [
            [
              100.41402548600007,
              14.178878352000027
            ],
            [
              100.42618415200008,
              14.17361614500004
            ],
            [
              100.42518142500006,
              14.161366190000024
            ],
            [
              100.43695884900006,
              14.160327259000042
            ],
            [
              100.43675129000007,
              14.165036244000078
            ],
            [
              100.43966927200006,
              14.164958087000059
            ],
            [
              100.44064917100008,
              14.167226801000027
            ],
            [
              100.44308496300005,
              14.166828074000023
            ],
            [
              100.44610918000006,
              14.165850766000062
            ],
            [
              100.44587255200008,
              14.163445713000044
            ],
            [
              100.44763589400009,
              14.162801844000057
            ],
            [
              100.44600793700005,
              14.159028369000055
            ],
            [
              100.44817223200005,
              14.15657217100005
            ],
            [
              100.44826765200008,
              14.153317557000037
            ],
            [
              100.46086450600006,
              14.151242053000033
            ],
            [
              100.46145687900008,
              14.125566613000046
            ],
            [
              100.45554502000005,
              14.128533205000053
            ],
            [
              100.45452011700007,
              14.115897532000076
            ],
            [
              100.46275001600009,
              14.11272434700004
            ],
            [
              100.47393995900006,
              14.111145113000077
            ],
            [
              100.49185869400009,
              14.114062055000034
            ],
            [
              100.50000841300005,
              14.117789827000024
            ],
            [
              100.50862352800004,
              14.124959990000036
            ],
            [
              100.51773130800007,
              14.13011689900003
            ],
            [
              100.51923154400004,
              14.126198313000032
            ],
            [
              100.52200631500006,
              14.123911512000063
            ],
            [
              100.52207261619223,
              14.123879554928807
            ],
            [
              100.5249263,
              14.1251036
            ],
            [
              100.5313413,
              14.1198695
            ],
            [
              100.53539978289902,
              14.118436626292375
            ],
            [
              100.53687435900008,
              14.118043709000062
            ],
            [
              100.53874508000007,
              14.118777630000068
            ],
            [
              100.54642800900007,
              14.11602705100006
            ],
            [
              100.55035721700006,
              14.113425522000057
            ],
            [
              100.55136656300004,
              14.111092880000058
            ],
            [
              100.553411950382,
              14.111428359061412
            ],
            [
              100.55317319711708,
              14.112246808516206
            ],
            [
              100.55264039000008,
              14.113297145000047
            ],
            [
              100.55385663700008,
              14.114974877000066
            ],
            [
              100.5530783213721,
              14.116334941431768
            ],
            [
              100.5519109,
              14.117897
            ],
            [
              100.55211472057435,
              14.118018781668628
            ],
            [
              100.55188854800008,
              14.118414006000023
            ],
            [
              100.55608843100003,
              14.120268977000023
            ],
            [
              100.55701866636603,
              14.119791940631078
            ],
            [
              100.5573966,
              14.119802
            ],
            [
              100.55842309657189,
              14.11907173119772
            ],
            [
              100.56020626900005,
              14.118157298000028
            ],
            [
              100.56106235393526,
              14.119646620787776
            ],
            [
              100.5610773,
              14.1205917
            ],
            [
              100.56221414423791,
              14.121650379379854
            ],
            [
              100.56266139600007,
              14.122428459000048
            ],
            [
              100.57360711300004,
              14.122653656000068
            ],
            [
              100.58047096700005,
              14.127746356000046
            ],
            [
              100.57898387100005,
              14.138780455000074
            ],
            [
              100.57446816600009,
              14.13821690900005
            ],
            [
              100.57245135200009,
              14.14332360700007
            ],
            [
              100.56485106600007,
              14.146800037000048
            ],
            [
              100.55666119800009,
              14.14844056100003
            ],
            [
              100.55010180600004,
              14.157406499000047
            ],
            [
              100.54754443100006,
              14.158989176000034
            ],
            [
              100.54485555500008,
              14.15845198900007
            ],
            [
              100.54379606700007,
              14.160228160000031
            ],
            [
              100.54098020600009,
              14.159879549000038
            ],
            [
              100.53971432400004,
              14.162180964000072
            ],
            [
              100.53869648300008,
              14.162255851000054
            ],
            [
              100.53866933600005,
              14.160001462000025
            ],
            [
              100.53617276900007,
              14.160072291000063
            ],
            [
              100.53601338600004,
              14.162323805000028
            ],
            [
              100.53404005200008,
              14.163762346000055
            ],
            [
              100.53164160900008,
              14.183264079000026
            ],
            [
              100.53176485100005,
              14.194264273000044
            ],
            [
              100.52947004000004,
              14.19706201400004
            ],
            [
              100.53289346500009,
              14.206161093000048
            ],
            [
              100.53194068700009,
              14.209158280000054
            ],
            [
              100.53294682900008,
              14.212275265000073
            ],
            [
              100.52934180100004,
              14.212574834000065
            ],
            [
              100.53051064000005,
              14.219710207000048
            ],
            [
              100.52833189000006,
              14.225262024000074
            ],
            [
              100.52996769400005,
              14.22814268600007
            ],
            [
              100.52532728800008,
              14.230610859000024
            ],
            [
              100.51753987600006,
              14.239109512000027
            ],
            [
              100.52792431200004,
              14.240318148000028
            ],
            [
              100.52810398700007,
              14.247368289000065
            ],
            [
              100.53057817800004,
              14.25075916700007
            ],
            [
              100.52934915500003,
              14.251977585000077
            ],
            [
              100.52968270400004,
              14.25524844000006
            ],
            [
              100.52601669600006,
              14.25815712700006
            ],
            [
              100.52707231800008,
              14.275381759000027
            ],
            [
              100.52549752800007,
              14.274436025000057
            ],
            [
              100.52250585600007,
              14.276067739000041
            ],
            [
              100.52703105400008,
              14.279706176000047
            ],
            [
              100.52495484400004,
              14.288999180000076
            ],
            [
              100.51389871000003,
              14.301395807000063
            ],
            [
              100.51635598100006,
              14.311066649000054
            ],
            [
              100.51387656500003,
              14.314916706000076
            ],
            [
              100.50735319800003,
              14.319603700000073
            ],
            [
              100.50708287800006,
              14.325045541000065
            ],
            [
              100.50823925500003,
              14.325487617000022
            ],
            [
              100.50625578900008,
              14.328068728000062
            ],
            [
              100.49800213700007,
              14.329084526000031
            ],
            [
              100.49095408800008,
              14.325483342000041
            ],
            [
              100.48401162400006,
              14.31752463600003
            ],
            [
              100.48074888600007,
              14.31676879500003
            ],
            [
              100.47700049000008,
              14.319889450000062
            ],
            [
              100.46883896400004,
              14.31864044100007
            ],
            [
              100.44863832700008,
              14.323499764000076
            ],
            [
              100.43200830400008,
              14.307272767000029
            ],
            [
              100.43009026600004,
              14.300527244000023
            ],
            [
              100.43081372700004,
              14.292161362000058
            ],
            [
              100.43312377200004,
              14.291234082000074
            ],
            [
              100.43382732500004,
              14.284178863000022
            ],
            [
              100.43666606000005,
              14.279331415000058
            ],
            [
              100.43492674700008,
              14.269642506000025
            ],
            [
              100.43697989800006,
              14.265773782000053
            ],
            [
              100.43757836000003,
              14.259559332000038
            ],
            [
              100.43490305500006,
              14.255017937000048
            ],
            [
              100.42513894200005,
              14.249967334000075
            ],
            [
              100.42603590900006,
              14.237063027000033
            ],
            [
              100.42760264900005,
              14.236873525000021
            ],
            [
              100.42850642700006,
              14.23414542300003
            ],
            [
              100.42749345000004,
              14.226788598000041
            ],
            [
              100.42152440000007,
              14.22777809300004
            ],
            [
              100.41792606900003,
              14.224206091000042
            ],
            [
              100.41985523200003,
              14.222699828000032
            ],
            [
              100.42033436200006,
              14.22000932800006
            ],
            [
              100.41664571700005,
              14.204406343000073
            ],
            [
              100.41682189500006,
              14.18338499400005
            ],
            [
              100.41402548600007,
              14.178878352000027
            ]
          ]
        ]
      }
    },
    {
      "type": "Feature",
      "properties": {
        "districtCode": "78962969B611560347556",
        "districtName": "Bang Sai",
        "labelPoint": [
          100.30251214631906,
          14.321139330389482
        ],
        "sourceShapeID": "78962969B611560347556",
        "shapeType": "ADM2"
      },
      "geometry": {
        "type": "Polygon",
        "coordinates": [
          [
            [
              100.24763708689532,
              14.20621055270567
            ],
            [
              100.24823412400008,
              14.205479555000068
            ],
            [
              100.26079850800005,
              14.202064761000031
            ],
            [
              100.26170646800006,
              14.213825592000035
            ],
            [
              100.26411028200005,
              14.21801625200004
            ],
            [
              100.26749481400009,
              14.217261557000029
            ],
            [
              100.27403947400006,
              14.219173
            ],
            [
              100.27899885700003,
              14.235434656000052
            ],
            [
              100.28041990500009,
              14.236911417000044
            ],
            [
              100.28446136500008,
              14.236523117000047
            ],
            [
              100.28542935500008,
              14.238755269000023
            ],
            [
              100.28995268200003,
              14.240756759000021
            ],
            [
              100.29729764300004,
              14.256453645000022
            ],
            [
              100.30474923700007,
              14.25342076000004
            ],
            [
              100.31081245600006,
              14.259808388000067
            ],
            [
              100.31139076900007,
              14.263594657000056
            ],
            [
              100.31377446600004,
              14.268102809000027
            ],
            [
              100.31564396600004,
              14.267368454000064
            ],
            [
              100.31685139400008,
              14.271283992000065
            ],
            [
              100.31805052700008,
              14.271443947000023
            ],
            [
              100.31754709200004,
              14.272966790000055
            ],
            [
              100.32170777100004,
              14.274055579000049
            ],
            [
              100.32117693400005,
              14.275307346000034
            ],
            [
              100.32783520300006,
              14.281061142000055
            ],
            [
              100.32755695300006,
              14.284073938000063
            ],
            [
              100.33162476600006,
              14.283612135000055
            ],
            [
              100.34022260300009,
              14.296871162000059
            ],
            [
              100.34302933800006,
              14.298623458000066
            ],
            [
              100.34155464200006,
              14.30153475000003
            ],
            [
              100.34312807600008,
              14.302141611000025
            ],
            [
              100.34254883700004,
              14.30496019800006
            ],
            [
              100.34511451300006,
              14.305451068000025
            ],
            [
              100.34451874800004,
              14.307464096000047
            ],
            [
              100.34721759900003,
              14.308727624000028
            ],
            [
              100.34823629800007,
              14.312065371000074
            ],
            [
              100.35519165500006,
              14.31982247700006
            ],
            [
              100.35661888000004,
              14.324943628000028
            ],
            [
              100.35399213900007,
              14.329561096000077
            ],
            [
              100.34866221500005,
              14.332094515000051
            ],
            [
              100.33736978600007,
              14.334077378000075
            ],
            [
              100.33545855200003,
              14.343093599000042
            ],
            [
              100.33412475100005,
              14.342973100000052
            ],
            [
              100.33274297800006,
              14.346628939000027
            ],
            [
              100.33464522300005,
              14.34808879700006
            ],
            [
              100.33353853500006,
              14.351967161000061
            ],
            [
              100.34011133400008,
              14.35898112500007
            ],
            [
              100.34775001800006,
              14.379962357000068
            ],
            [
              100.36236398900007,
              14.383852545000025
            ],
            [
              100.37103554500004,
              14.402456951000033
            ],
            [
              100.35852756800006,
              14.401670133000039
            ],
            [
              100.34626608800005,
              14.403068008000048
            ],
            [
              100.34534142200005,
              14.405095365000022
            ],
            [
              100.32905485000003,
              14.40618734900005
            ],
            [
              100.30830012300004,
              14.403308486000071
            ],
            [
              100.29922055100008,
              14.403517946000022
            ],
            [
              100.2807669208822,
              14.406133400768146
            ],
            [
              100.2841492,
              14.3955536
            ],
            [
              100.2774811,
              14.3783302
            ],
            [
              100.2752686,
              14.3666649
            ],
            [
              100.27584670559408,
              14.347345283720529
            ],
            [
              100.27842028900005,
              14.345916098000032
            ],
            [
              100.27593577983741,
              14.344368526153664
            ],
            [
              100.27604855620092,
              14.340599671310018
            ],
            [
              100.27868184800008,
              14.340043112000046
            ],
            [
              100.27666223700004,
              14.337395251000032
            ],
            [
              100.27758724900008,
              14.336396999000044
            ],
            [
              100.27634444042863,
              14.330711564706164
            ],
            [
              100.27634622960119,
              14.330651772640975
            ],
            [
              100.28236967900006,
              14.328820841000038
            ],
            [
              100.27850469800006,
              14.320066311000062
            ],
            [
              100.27007779700006,
              14.317840464000028
            ],
            [
              100.26841654800006,
              14.31247503700007
            ],
            [
              100.26776968121902,
              14.311891634888639
            ],
            [
              100.266098,
              14.3022213
            ],
            [
              100.2566528,
              14.288332
            ],
            [
              100.2536011,
              14.2774982
            ],
            [
              100.2530518,
              14.2555542
            ],
            [
              100.2552567,
              14.2269421
            ],
            [
              100.2536011,
              14.2188873
            ],
            [
              100.2494202,
              14.2088871
            ],
            [
              100.24763708689532,
              14.20621055270567
            ]
          ]
        ]
      }
    },
    {
      "type": "Feature",
      "properties": {
        "districtCode": "78962969B33149444798126",
        "districtName": "Ban Phraek",
        "labelPoint": [
          100.55004236861411,
          14.643515563339255
        ],
        "sourceShapeID": "78962969B33149444798126",
        "shapeType": "ADM2"
      },
      "geometry": {
        "type": "Polygon",
        "coordinates": [
          [
            [
              100.5096829626296,
              14.627691770211033
            ],
            [
              100.53278975500007,
              14.619594114000051
            ],
            [
              100.58131760691512,
              14.624341484833055
            ],
            [
              100.58313787303548,
              14.628190269698266
            ],
            [
              100.58373611000007,
              14.630155161000062
            ],
            [
              100.58507918318028,
              14.632294990991708
            ],
            [
              100.5910873,
              14.6449986
            ],
            [
              100.5938721,
              14.6558323
            ],
            [
              100.5877686,
              14.6594429
            ],
            [
              100.5757388169457,
              14.661849977094967
            ],
            [
              100.57408686900004,
              14.661017763000075
            ],
            [
              100.56518603300003,
              14.66291293100005
            ],
            [
              100.56260219700005,
              14.662885767000034
            ],
            [
              100.55868231700003,
              14.660117883000055
            ],
            [
              100.55545561500008,
              14.661874457000067
            ],
            [
              100.55220730800005,
              14.66119124000005
            ],
            [
              100.55222629599562,
              14.66387193483176
            ],
            [
              100.5508118,
              14.6647205
            ],
            [
              100.54880561972074,
              14.671421743296893
            ],
            [
              100.54273037700005,
              14.669250631000068
            ],
            [
              100.53881766500007,
              14.66997716800006
            ],
            [
              100.53601967600008,
              14.666571477000048
            ],
            [
              100.53080577100008,
              14.669381225000052
            ],
            [
              100.52068661200008,
              14.663592637000022
            ],
            [
              100.51714587605575,
              14.662458323872228
            ],
            [
              100.5177612,
              14.6611099
            ],
            [
              100.5180511,
              14.6569424
            ],
            [
              100.5163879,
              14.6488876
            ],
            [
              100.5108185,
              14.6366653
            ],
            [
              100.5096829626296,
              14.627691770211033
            ]
          ]
        ]
      }
    },
    {
      "type": "Feature",
      "properties": {
        "districtCode": "78962969B9054765011768",
        "districtName": "Lat Bua Luang",
        "labelPoint": [
          100.35316921417139,
          14.169071802294708
        ],
        "sourceShapeID": "78962969B9054765011768",
        "shapeType": "ADM2"
      },
      "geometry": {
        "type": "Polygon",
        "coordinates": [
          [
            [
              100.22122458983384,
              14.177768724054772
            ],
            [
              100.22301394645964,
              14.17745812948441
            ],
            [
              100.2269287,
              14.1777763
            ],
            [
              100.247757,
              14.1747208
            ],
            [
              100.258675059952,
              14.172219236656055
            ],
            [
              100.28413889900008,
              14.16959119300003
            ],
            [
              100.28357034551287,
              14.164166268291451
            ],
            [
              100.2847137,
              14.1636105
            ],
            [
              100.2861023,
              14.1613884
            ],
            [
              100.2796192,
              14.1264577
            ],
            [
              100.2911393,
              14.1402306
            ],
            [
              100.3038629,
              14.1403082
            ],
            [
              100.3077541,
              14.1395866
            ],
            [
              100.30822784897313,
              14.13605009340205
            ],
            [
              100.30965345694248,
              14.135325089928587
            ],
            [
              100.3181974,
              14.131326
            ],
            [
              100.3183831,
              14.1326328
            ],
            [
              100.3305973,
              14.1333657
            ],
            [
              100.33015838605404,
              14.128872379521766
            ],
            [
              100.33376827400008,
              14.128576556000041
            ],
            [
              100.34049259000005,
              14.121400771000026
            ],
            [
              100.3415001947345,
              14.119591456007008
            ],
            [
              100.3446339,
              14.1166112
            ],
            [
              100.36626084808323,
              14.1142081024244
            ],
            [
              100.38131725200009,
              14.115090273000021
            ],
            [
              100.42208307800007,
              14.113991793000025
            ],
            [
              100.44105902600006,
              14.114016025000069
            ],
            [
              100.45452011700007,
              14.115897532000076
            ],
            [
              100.45554502000005,
              14.128533205000053
            ],
            [
              100.46145687900008,
              14.125566613000046
            ],
            [
              100.46086450600006,
              14.151242053000033
            ],
            [
              100.44826765200008,
              14.153317557000037
            ],
            [
              100.44817223200005,
              14.15657217100005
            ],
            [
              100.44600793700005,
              14.159028369000055
            ],
            [
              100.44763589400009,
              14.162801844000057
            ],
            [
              100.44587255200008,
              14.163445713000044
            ],
            [
              100.44610918000006,
              14.165850766000062
            ],
            [
              100.44308496300005,
              14.166828074000023
            ],
            [
              100.44064917100008,
              14.167226801000027
            ],
            [
              100.43966927200006,
              14.164958087000059
            ],
            [
              100.43675129000007,
              14.165036244000078
            ],
            [
              100.43695884900006,
              14.160327259000042
            ],
            [
              100.42518142500006,
              14.161366190000024
            ],
            [
              100.42618415200008,
              14.17361614500004
            ],
            [
              100.41402548600007,
              14.178878352000027
            ],
            [
              100.41682189500006,
              14.18338499400005
            ],
            [
              100.41664571700005,
              14.204406343000073
            ],
            [
              100.42033436200006,
              14.22000932800006
            ],
            [
              100.41985523200003,
              14.222699828000032
            ],
            [
              100.41792606900003,
              14.224206091000042
            ],
            [
              100.41564221500005,
              14.217576665000024
            ],
            [
              100.41197979600008,
              14.215832379000062
            ],
            [
              100.40423403600005,
              14.21727153300003
            ],
            [
              100.40352275600009,
              14.21881219200003
            ],
            [
              100.39907087300008,
              14.216743760000043
            ],
            [
              100.39572189900008,
              14.212610852000068
            ],
            [
              100.37727206400007,
              14.214891886000032
            ],
            [
              100.36702687900004,
              14.218293153000047
            ],
            [
              100.35088431000008,
              14.20941057500005
            ],
            [
              100.35074372200006,
              14.224975561000065
            ],
            [
              100.34591283100008,
              14.225958793000075
            ],
            [
              100.34295859200006,
              14.22489411600003
            ],
            [
              100.33818833200007,
              14.226975251000056
            ],
            [
              100.33201893500006,
              14.226693862000047
            ],
            [
              100.30209149200005,
              14.216626577000056
            ],
            [
              100.29224144400007,
              14.216770935000056
            ],
            [
              100.28289766900008,
              14.219470061000038
            ],
            [
              100.27403947400006,
              14.219173
            ],
            [
              100.26749481400009,
              14.217261557000029
            ],
            [
              100.26411028200005,
              14.21801625200004
            ],
            [
              100.26170646800006,
              14.213825592000035
            ],
            [
              100.26079850800005,
              14.202064761000031
            ],
            [
              100.24823412400008,
              14.205479555000068
            ],
            [
              100.24763708689532,
              14.20621055270567
            ],
            [
              100.2422028,
              14.1980534
            ],
            [
              100.2222137,
              14.1802769
            ],
            [
              100.22122458983384,
              14.177768724054772
            ]
          ]
        ]
      }
    },
    {
      "type": "Feature",
      "properties": {
        "districtCode": "78962969B63768229045772",
        "districtName": "Maha Rat",
        "labelPoint": [
          100.53906856541695,
          14.573437083061007
        ],
        "sourceShapeID": "78962969B63768229045772",
        "shapeType": "ADM2"
      },
      "geometry": {
        "type": "Polygon",
        "coordinates": [
          [
            [
              100.4894333,
              14.5652752
            ],
            [
              100.5005493,
              14.5480537
            ],
            [
              100.5016632,
              14.5402756
            ],
            [
              100.4994202,
              14.5319424
            ],
            [
              100.4985962,
              14.5205536
            ],
            [
              100.49872215893872,
              14.520112406137027
            ],
            [
              100.49942929100007,
              14.519684380000058
            ],
            [
              100.49900291075097,
              14.5191290223626
            ],
            [
              100.5008163,
              14.5127773
            ],
            [
              100.50250261687056,
              14.510636345891408
            ],
            [
              100.50372960600004,
              14.51123383600003
            ],
            [
              100.50760623400004,
              14.523920983000039
            ],
            [
              100.50825392000007,
              14.532358222000028
            ],
            [
              100.51357281500003,
              14.533053480000035
            ],
            [
              100.51611509000008,
              14.53175152700004
            ],
            [
              100.51341564200004,
              14.52686641400004
            ],
            [
              100.51405471400005,
              14.525289153000074
            ],
            [
              100.52137197000008,
              14.519943975000047
            ],
            [
              100.52479224600006,
              14.523267704000034
            ],
            [
              100.53122941600009,
              14.525516458000027
            ],
            [
              100.54442903100005,
              14.523768611000037
            ],
            [
              100.54923114900004,
              14.526186572000029
            ],
            [
              100.56253492000008,
              14.54129230500007
            ],
            [
              100.57190613900008,
              14.546866732000069
            ],
            [
              100.58744868200006,
              14.551839692000044
            ],
            [
              100.59831090701803,
              14.553632437845796
            ],
            [
              100.5944366,
              14.5588865
            ],
            [
              100.5913696,
              14.5736084
            ],
            [
              100.5869293,
              14.578886
            ],
            [
              100.5761032,
              14.5858307
            ],
            [
              100.5711136,
              14.5952759
            ],
            [
              100.5713806,
              14.6033306
            ],
            [
              100.58131760691512,
              14.624341484833055
            ],
            [
              100.53278975500007,
              14.619594114000051
            ],
            [
              100.5096829626296,
              14.627691770211033
            ],
            [
              100.5080414,
              14.6147194
            ],
            [
              100.5052567,
              14.6088867
            ],
            [
              100.5038834,
              14.6011086
            ],
            [
              100.5027771,
              14.5841637
            ],
            [
              100.4949799,
              14.5730534
            ],
            [
              100.4897003,
              14.5694427
            ],
            [
              100.4894333,
              14.5652752
            ]
          ]
        ]
      }
    },
    {
      "type": "Feature",
      "properties": {
        "districtCode": "78962969B25127824305120",
        "districtName": "Nakhon Luang",
        "labelPoint": [
          100.62574681373347,
          14.467583850803482
        ],
        "sourceShapeID": "78962969B25127824305120",
        "shapeType": "ADM2"
      },
      "geometry": {
        "type": "Polygon",
        "coordinates": [
          [
            [
              100.56454498000005,
              14.468243941000026
            ],
            [
              100.56478571700006,
              14.466543897000065
            ],
            [
              100.56672848300008,
              14.46571250900007
            ],
            [
              100.57293660000005,
              14.46657243900006
            ],
            [
              100.57571693700004,
              14.464965388000053
            ],
            [
              100.57666985100008,
              14.461546945000066
            ],
            [
              100.57484935400004,
              14.456281407000063
            ],
            [
              100.57577824000003,
              14.454979485000024
            ],
            [
              100.58450612000007,
              14.450881761000062
            ],
            [
              100.59711237600004,
              14.44089406200004
            ],
            [
              100.59809020500006,
              14.437631277000037
            ],
            [
              100.59764334000005,
              14.435025567000025
            ],
            [
              100.59507308000008,
              14.433593076000022
            ],
            [
              100.58045586900005,
              14.430120442000032
            ],
            [
              100.57776219500005,
              14.42216938100006
            ],
            [
              100.57849174600005,
              14.41888210600007
            ],
            [
              100.57664385000004,
              14.404736827000022
            ],
            [
              100.57446327500008,
              14.404702452000038
            ],
            [
              100.57609205500006,
              14.394438766000064
            ],
            [
              100.57918625000008,
              14.397287567000035
            ],
            [
              100.58461149500005,
              14.397576837000031
            ],
            [
              100.58553082000009,
              14.395868225000072
            ],
            [
              100.61463845400004,
              14.393230106000033
            ],
            [
              100.66018661900006,
              14.41602944400006
            ],
            [
              100.65222259100005,
              14.432610776000047
            ],
            [
              100.65217710900004,
              14.435422109000058
            ],
            [
              100.65280872300008,
              14.436922418000051
            ],
            [
              100.66739859400008,
              14.438285234000034
            ],
            [
              100.67284088700006,
              14.449859482000022
            ],
            [
              100.68455055100009,
              14.451320342000031
            ],
            [
              100.68627518800008,
              14.45677540500003
            ],
            [
              100.68099582900004,
              14.470699366000076
            ],
            [
              100.68086082600007,
              14.474271654000063
            ],
            [
              100.68526606000006,
              14.481453948000024
            ],
            [
              100.68935925300008,
              14.48282989200004
            ],
            [
              100.68980570400004,
              14.488607372000047
            ],
            [
              100.68737385400004,
              14.494989823000026
            ],
            [
              100.67314796200009,
              14.496552789000077
            ],
            [
              100.67235332200005,
              14.501004783000042
            ],
            [
              100.66168734200005,
              14.509955785000045
            ],
            [
              100.64937486300005,
              14.531557010000029
            ],
            [
              100.63455635800005,
              14.535779502000025
            ],
            [
              100.62122765145479,
              14.546442335610678
            ],
            [
              100.6119232,
              14.5474987
            ],
            [
              100.6044312,
              14.5502758
            ],
            [
              100.60228773300331,
              14.551446636713898
            ],
            [
              100.60343704200005,
              14.54425886100006
            ],
            [
              100.60172702300008,
              14.542543482000042
            ],
            [
              100.59473912900006,
              14.540808793000053
            ],
            [
              100.59314446300004,
              14.535903585000028
            ],
            [
              100.59981475600006,
              14.52975757400003
            ],
            [
              100.60054355200003,
              14.515231272000051
            ],
            [
              100.59772575800008,
              14.511138106000033
            ],
            [
              100.59152567000007,
              14.506307640000045
            ],
            [
              100.58623437100005,
              14.497012936000033
            ],
            [
              100.58312133100009,
              14.494284855000046
            ],
            [
              100.58601841400008,
              14.487391051000031
            ],
            [
              100.57566691900007,
              14.478523332000066
            ],
            [
              100.57372614200006,
              14.474740139000062
            ],
            [
              100.56554019700008,
              14.470743319000064
            ],
            [
              100.56454498000005,
              14.468243941000026
            ]
          ]
        ]
      }
    },
    {
      "type": "Feature",
      "properties": {
        "districtCode": "78962969B2031869857401",
        "districtName": "Phachi",
        "labelPoint": [
          100.72377800896854,
          14.439472820463282
        ],
        "sourceShapeID": "78962969B2031869857401",
        "shapeType": "ADM2"
      },
      "geometry": {
        "type": "Polygon",
        "coordinates": [
          [
            [
              100.65217710900004,
              14.435422109000058
            ],
            [
              100.65222259100005,
              14.432610776000047
            ],
            [
              100.66018661900006,
              14.41602944400006
            ],
            [
              100.66413665600004,
              14.40769367200005
            ],
            [
              100.67408191000004,
              14.41188492200007
            ],
            [
              100.68916918900004,
              14.405319269000074
            ],
            [
              100.69734180000006,
              14.406217859000037
            ],
            [
              100.70574873500004,
              14.402382744000022
            ],
            [
              100.70803706600009,
              14.402621779000071
            ],
            [
              100.70985788300004,
              14.400710352000033
            ],
            [
              100.71968518500006,
              14.400086808000026
            ],
            [
              100.73240953900006,
              14.401971959000036
            ],
            [
              100.73812870600005,
              14.400095835000059
            ],
            [
              100.74433177100008,
              14.404984289000026
            ],
            [
              100.74646102100007,
              14.401366285000051
            ],
            [
              100.75128318700007,
              14.397877812000047
            ],
            [
              100.75011812400004,
              14.38902321300003
            ],
            [
              100.75305848400006,
              14.381175129000042
            ],
            [
              100.75714351700003,
              14.380524029000071
            ],
            [
              100.75704891300006,
              14.37736398800007
            ],
            [
              100.76951217300007,
              14.362902002000055
            ],
            [
              100.77415901800003,
              14.361445509000077
            ],
            [
              100.78444836300008,
              14.367195181000056
            ],
            [
              100.78677699600007,
              14.370244253000067
            ],
            [
              100.78801202100004,
              14.37523083900004
            ],
            [
              100.78526761300009,
              14.375373707000051
            ],
            [
              100.78503042400007,
              14.379762664000054
            ],
            [
              100.78788282800008,
              14.379695881000032
            ],
            [
              100.79064457500004,
              14.382823960000053
            ],
            [
              100.79114600519449,
              14.385094594957849
            ],
            [
              100.7835999,
              14.394722
            ],
            [
              100.7686005,
              14.4033318
            ],
            [
              100.7616577,
              14.4102764
            ],
            [
              100.76165342463803,
              14.410341259723975
            ],
            [
              100.75946289200004,
              14.411728021000044
            ],
            [
              100.76038178400006,
              14.414685133000035
            ],
            [
              100.76132581777222,
              14.415311246132543
            ],
            [
              100.7611084,
              14.4186096
            ],
            [
              100.7636108,
              14.4263878
            ],
            [
              100.76350190692555,
              14.426797029575441
            ],
            [
              100.76265819800005,
              14.427499715000067
            ],
            [
              100.76320752823645,
              14.427903330105401
            ],
            [
              100.7588806,
              14.4441643
            ],
            [
              100.76721395900204,
              14.48430623088187
            ],
            [
              100.76562352400003,
              14.484341254000071
            ],
            [
              100.76638805400006,
              14.488369620000071
            ],
            [
              100.76682583169627,
              14.48901201150731
            ],
            [
              100.7649994,
              14.4930534
            ],
            [
              100.7643651126898,
              14.493603598733618
            ],
            [
              100.76476623500008,
              14.490672503000042
            ],
            [
              100.76282427100006,
              14.487200323000025
            ],
            [
              100.75737893300004,
              14.488293845000044
            ],
            [
              100.75412187200004,
              14.491516282000077
            ],
            [
              100.74889279600006,
              14.485867724000059
            ],
            [
              100.73645019600008,
              14.495465460000048
            ],
            [
              100.73221940600007,
              14.500897592000058
            ],
            [
              100.72603671800005,
              14.504236647000027
            ],
            [
              100.72170057600005,
              14.504884409000056
            ],
            [
              100.71587094400007,
              14.503915777000032
            ],
            [
              100.70236862200005,
              14.495686974000023
            ],
            [
              100.68737385400004,
              14.494989823000026
            ],
            [
              100.68980570400004,
              14.488607372000047
            ],
            [
              100.68935925300008,
              14.48282989200004
            ],
            [
              100.68526606000006,
              14.481453948000024
            ],
            [
              100.68086082600007,
              14.474271654000063
            ],
            [
              100.68099582900004,
              14.470699366000076
            ],
            [
              100.68627518800008,
              14.45677540500003
            ],
            [
              100.68455055100009,
              14.451320342000031
            ],
            [
              100.67284088700006,
              14.449859482000022
            ],
            [
              100.66739859400008,
              14.438285234000034
            ],
            [
              100.65280872300008,
              14.436922418000051
            ],
            [
              100.65217710900004,
              14.435422109000058
            ]
          ]
        ]
      }
    },
    {
      "type": "Feature",
      "properties": {
        "districtCode": "78962969B77944548728252",
        "districtName": "Phak Hai",
        "labelPoint": [
          100.34253460795136,
          14.451383395306392
        ],
        "sourceShapeID": "78962969B77944548728252",
        "shapeType": "ADM2"
      },
      "geometry": {
        "type": "Polygon",
        "coordinates": [
          [
            [
              100.25415319544554,
              14.484447840378593
            ],
            [
              100.2555466,
              14.4744415
            ],
            [
              100.2541733,
              14.4572201
            ],
            [
              100.2572174,
              14.4466648
            ],
            [
              100.2697067,
              14.4224987
            ],
            [
              100.2744293,
              14.4183311
            ],
            [
              100.2797089,
              14.4094429
            ],
            [
              100.2807669208822,
              14.406133400768146
            ],
            [
              100.29922055100008,
              14.403517946000022
            ],
            [
              100.30830012300004,
              14.403308486000071
            ],
            [
              100.32905485000003,
              14.40618734900005
            ],
            [
              100.34534142200005,
              14.405095365000022
            ],
            [
              100.34626608800005,
              14.403068008000048
            ],
            [
              100.35852756800006,
              14.401670133000039
            ],
            [
              100.37103554500004,
              14.402456951000033
            ],
            [
              100.39062305600004,
              14.402259584000035
            ],
            [
              100.40415755900005,
              14.405389650000075
            ],
            [
              100.40446913900007,
              14.404237704000025
            ],
            [
              100.40916806300004,
              14.406190910000078
            ],
            [
              100.41628211500006,
              14.396396025000058
            ],
            [
              100.41746935200007,
              14.401651092000066
            ],
            [
              100.41540353100004,
              14.41819379900005
            ],
            [
              100.41004222800007,
              14.429569421000053
            ],
            [
              100.41249009900008,
              14.43695006300004
            ],
            [
              100.42020840100008,
              14.447148438000056
            ],
            [
              100.41926248600004,
              14.470738168000025
            ],
            [
              100.41644957400007,
              14.476865514000053
            ],
            [
              100.41871052300007,
              14.487755030000073
            ],
            [
              100.42056270500007,
              14.487773610000033
            ],
            [
              100.42072745900003,
              14.489413868000042
            ],
            [
              100.42357347800004,
              14.491475680000065
            ],
            [
              100.42432272607076,
              14.491271355066774
            ],
            [
              100.42438844000404,
              14.4946162740205
            ],
            [
              100.41831184900008,
              14.498631001000035
            ],
            [
              100.41505691300006,
              14.498652295000056
            ],
            [
              100.41120319400005,
              14.505882633000056
            ],
            [
              100.40569941900009,
              14.507026852000024
            ],
            [
              100.40513122598435,
              14.507907029558215
            ],
            [
              100.4038330299399,
              14.50761502777248
            ],
            [
              100.40337021000005,
              14.506793307000066
            ],
            [
              100.40132760600005,
              14.506940102000044
            ],
            [
              100.40121608087614,
              14.507762733314122
            ],
            [
              100.40010310167105,
              14.507901858847934
            ],
            [
              100.39953357300004,
              14.507346748000032
            ],
            [
              100.39867532706802,
              14.508080334692677
            ],
            [
              100.39738529048793,
              14.508241592896802
            ],
            [
              100.39604273600008,
              14.505990789000066
            ],
            [
              100.39487115604432,
              14.508555866779858
            ],
            [
              100.3944397,
              14.5086098
            ],
            [
              100.3916626,
              14.5077763
            ],
            [
              100.3808136,
              14.4994411
            ],
            [
              100.3713684,
              14.494997
            ],
            [
              100.3633118,
              14.4972191
            ],
            [
              100.3547134,
              14.4963856
            ],
            [
              100.33378627374088,
              14.491155607529187
            ],
            [
              100.33126686000008,
              14.48994274000006
            ],
            [
              100.31826646400003,
              14.489769705000072
            ],
            [
              100.31478753400006,
              14.486871007000047
            ],
            [
              100.31148780800004,
              14.492540648000045
            ],
            [
              100.30913430900006,
              14.492667280000035
            ],
            [
              100.30837608500008,
              14.494198092000033
            ],
            [
              100.30566671900004,
              14.493190875000039
            ],
            [
              100.30458623700008,
              14.49534609400007
            ],
            [
              100.30275926500008,
              14.494296133000034
            ],
            [
              100.29323712720513,
              14.496440776940117
            ],
            [
              100.286832488659,
              14.492578174522903
            ],
            [
              100.28509267500004,
              14.481645546000038
            ],
            [
              100.26748617600003,
              14.490043441000068
            ],
            [
              100.25985201789307,
              14.491193571518268
            ],
            [
              100.25809446443547,
              14.490653598957795
            ],
            [
              100.25415319544554,
              14.484447840378593
            ]
          ]
        ]
      }
    },
    {
      "type": "Feature",
      "properties": {
        "districtCode": "78962969B15942215938926",
        "districtName": "Phra Nakhon Si Ayutthaya",
        "labelPoint": [
          100.55852328177362,
          14.352482575808818
        ],
        "sourceShapeID": "78962969B15942215938926",
        "shapeType": "ADM2"
      },
      "geometry": {
        "type": "Polygon",
        "coordinates": [
          [
            [
              100.49863224300003,
              14.396495473000073
            ],
            [
              100.50249473200006,
              14.388409899000067
            ],
            [
              100.50055144400005,
              14.385112003000074
            ],
            [
              100.50300218400008,
              14.385021282000025
            ],
            [
              100.50435556600007,
              14.386581671000044
            ],
            [
              100.50431579400004,
              14.384959693000042
            ],
            [
              100.50550360700004,
              14.384823734000065
            ],
            [
              100.50383303700005,
              14.38291305000007
            ],
            [
              100.50733089300007,
              14.380715287000044
            ],
            [
              100.50890031600005,
              14.377765646000057
            ],
            [
              100.51068075900008,
              14.37953310100005
            ],
            [
              100.51472764600004,
              14.376112455000055
            ],
            [
              100.51421313400004,
              14.37476702400005
            ],
            [
              100.51567979200007,
              14.376474441000028
            ],
            [
              100.51655530000005,
              14.375904497000022
            ],
            [
              100.51537636400008,
              14.37423523900003
            ],
            [
              100.51631383000006,
              14.37537207500003
            ],
            [
              100.52148465100004,
              14.372869648000062
            ],
            [
              100.51874656500007,
              14.371184536000044
            ],
            [
              100.51914866500005,
              14.368924407000065
            ],
            [
              100.52140918300006,
              14.36967257300006
            ],
            [
              100.52192209500004,
              14.365077503000066
            ],
            [
              100.51922573200005,
              14.36242799200005
            ],
            [
              100.52076857500003,
              14.360248178000063
            ],
            [
              100.51882328000005,
              14.36155668500004
            ],
            [
              100.51759392900004,
              14.358141488000058
            ],
            [
              100.51531403200005,
              14.357838708000031
            ],
            [
              100.51202936600004,
              14.352071912000042
            ],
            [
              100.51376741800004,
              14.353356850000068
            ],
            [
              100.51282735000007,
              14.350383779000026
            ],
            [
              100.51484437600004,
              14.349224870000057
            ],
            [
              100.51108198400004,
              14.343413729000076
            ],
            [
              100.51253814300009,
              14.341679403000057
            ],
            [
              100.50948113100009,
              14.335749603000068
            ],
            [
              100.51568515900004,
              14.335557133000066
            ],
            [
              100.51566235200005,
              14.334136496000042
            ],
            [
              100.51198545900007,
              14.327320757000052
            ],
            [
              100.50823925500003,
              14.325487617000022
            ],
            [
              100.50708287800006,
              14.325045541000065
            ],
            [
              100.50735319800003,
              14.319603700000073
            ],
            [
              100.51387656500003,
              14.314916706000076
            ],
            [
              100.51635598100006,
              14.311066649000054
            ],
            [
              100.51389871000003,
              14.301395807000063
            ],
            [
              100.52495484400004,
              14.288999180000076
            ],
            [
              100.52703105400008,
              14.279706176000047
            ],
            [
              100.53330770600007,
              14.283704312000054
            ],
            [
              100.53667394200005,
              14.29390657700003
            ],
            [
              100.54485185300007,
              14.296503935000032
            ],
            [
              100.54828277300004,
              14.300839979000045
            ],
            [
              100.55665679200007,
              14.298222344000067
            ],
            [
              100.55765124900006,
              14.300231331000077
            ],
            [
              100.56072246000008,
              14.29902897900007
            ],
            [
              100.56315087400009,
              14.302371522000044
            ],
            [
              100.56569198800008,
              14.302372266000077
            ],
            [
              100.56615867200009,
              14.304641250000032
            ],
            [
              100.58673546200004,
              14.303705089000061
            ],
            [
              100.58461911200004,
              14.321350143000075
            ],
            [
              100.59023513900007,
              14.32037032900007
            ],
            [
              100.60440664700008,
              14.32422213700005
            ],
            [
              100.62970402600007,
              14.323369060000061
            ],
            [
              100.61703156800007,
              14.335750377000068
            ],
            [
              100.61718195500004,
              14.337111363000076
            ],
            [
              100.62088507500005,
              14.33730735000006
            ],
            [
              100.62164384900007,
              14.33453008400005
            ],
            [
              100.62639550600005,
              14.336454152000044
            ],
            [
              100.62434120100005,
              14.339547387000039
            ],
            [
              100.62455099500005,
              14.342851720000056
            ],
            [
              100.61961484200003,
              14.346784059000072
            ],
            [
              100.61784860400007,
              14.345586068000046
            ],
            [
              100.61170583900008,
              14.345808359000046
            ],
            [
              100.60778769200004,
              14.34313592500007
            ],
            [
              100.60770954700007,
              14.34007650600006
            ],
            [
              100.60216275500005,
              14.340914333000057
            ],
            [
              100.60067348600006,
              14.342354284000066
            ],
            [
              100.60086245400004,
              14.345543737000071
            ],
            [
              100.60334768600006,
              14.348304805000055
            ],
            [
              100.60671082100004,
              14.357369067000036
            ],
            [
              100.61270214700005,
              14.359275638000042
            ],
            [
              100.61480591800006,
              14.358684775000029
            ],
            [
              100.61619681700006,
              14.370401260000051
            ],
            [
              100.61346060800008,
              14.380722266000078
            ],
            [
              100.61687609500007,
              14.38670111700003
            ],
            [
              100.61463845400004,
              14.393230106000033
            ],
            [
              100.58553082000009,
              14.395868225000072
            ],
            [
              100.58461149500005,
              14.397576837000031
            ],
            [
              100.57918625000008,
              14.397287567000035
            ],
            [
              100.57609205500006,
              14.394438766000064
            ],
            [
              100.57446327500008,
              14.404702452000038
            ],
            [
              100.55963605200009,
              14.404103287000055
            ],
            [
              100.54962762500008,
              14.405261859000063
            ],
            [
              100.54673171700006,
              14.402449234000073
            ],
            [
              100.52844050600004,
              14.401861334000046
            ],
            [
              100.52976688600006,
              14.405170772000076
            ],
            [
              100.52720408600004,
              14.40711230100004
            ],
            [
              100.52576253700005,
              14.405580265000026
            ],
            [
              100.52347822300004,
              14.405665655000064
            ],
            [
              100.52332985700008,
              14.403798489000053
            ],
            [
              100.51907110700006,
              14.40269524100006
            ],
            [
              100.51316568300007,
              14.405097836000039
            ],
            [
              100.50494919300007,
              14.405893383000034
            ],
            [
              100.49882436800004,
              14.401322379000021
            ],
            [
              100.49898915300008,
              14.399296478000053
            ],
            [
              100.50021621100007,
              14.399379138000029
            ],
            [
              100.49863224300003,
              14.396495473000073
            ]
          ]
        ]
      }
    },
    {
      "type": "Feature",
      "properties": {
        "districtCode": "78962969B95009717183464",
        "districtName": "Sena",
        "labelPoint": [
          100.37554635675141,
          14.29585080050421
        ],
        "sourceShapeID": "78962969B95009717183464",
        "shapeType": "ADM2"
      },
      "geometry": {
        "type": "Polygon",
        "coordinates": [
          [
            [
              100.27403947400006,
              14.219173
            ],
            [
              100.28289766900008,
              14.219470061000038
            ],
            [
              100.29224144400007,
              14.216770935000056
            ],
            [
              100.30209149200005,
              14.216626577000056
            ],
            [
              100.33201893500006,
              14.226693862000047
            ],
            [
              100.33818833200007,
              14.226975251000056
            ],
            [
              100.34295859200006,
              14.22489411600003
            ],
            [
              100.34591283100008,
              14.225958793000075
            ],
            [
              100.35074372200006,
              14.224975561000065
            ],
            [
              100.35088431000008,
              14.20941057500005
            ],
            [
              100.36702687900004,
              14.218293153000047
            ],
            [
              100.37727206400007,
              14.214891886000032
            ],
            [
              100.39572189900008,
              14.212610852000068
            ],
            [
              100.39907087300008,
              14.216743760000043
            ],
            [
              100.40352275600009,
              14.21881219200003
            ],
            [
              100.40423403600005,
              14.21727153300003
            ],
            [
              100.41197979600008,
              14.215832379000062
            ],
            [
              100.41564221500005,
              14.217576665000024
            ],
            [
              100.41792606900003,
              14.224206091000042
            ],
            [
              100.42152440000007,
              14.22777809300004
            ],
            [
              100.42749345000004,
              14.226788598000041
            ],
            [
              100.42850642700006,
              14.23414542300003
            ],
            [
              100.42760264900005,
              14.236873525000021
            ],
            [
              100.42603590900006,
              14.237063027000033
            ],
            [
              100.42513894200005,
              14.249967334000075
            ],
            [
              100.43490305500006,
              14.255017937000048
            ],
            [
              100.43757836000003,
              14.259559332000038
            ],
            [
              100.43697989800006,
              14.265773782000053
            ],
            [
              100.43492674700008,
              14.269642506000025
            ],
            [
              100.43666606000005,
              14.279331415000058
            ],
            [
              100.43382732500004,
              14.284178863000022
            ],
            [
              100.43312377200004,
              14.291234082000074
            ],
            [
              100.43081372700004,
              14.292161362000058
            ],
            [
              100.43009026600004,
              14.300527244000023
            ],
            [
              100.43200830400008,
              14.307272767000029
            ],
            [
              100.42864236500009,
              14.326641529000028
            ],
            [
              100.42583900400007,
              14.330924743000026
            ],
            [
              100.42067777600005,
              14.330771687000038
            ],
            [
              100.41949443500005,
              14.33638916800004
            ],
            [
              100.42023343500006,
              14.33850902000006
            ],
            [
              100.42661479600008,
              14.342723613000032
            ],
            [
              100.43115261300005,
              14.355080220000048
            ],
            [
              100.43674093900006,
              14.364143945000023
            ],
            [
              100.42536239300006,
              14.367731162000041
            ],
            [
              100.42149253700006,
              14.368219485000054
            ],
            [
              100.41876812200007,
              14.366852616000074
            ],
            [
              100.41592522500008,
              14.374830882000026
            ],
            [
              100.41628211500006,
              14.396396025000058
            ],
            [
              100.40916806300004,
              14.406190910000078
            ],
            [
              100.40446913900007,
              14.404237704000025
            ],
            [
              100.40415755900005,
              14.405389650000075
            ],
            [
              100.39062305600004,
              14.402259584000035
            ],
            [
              100.37103554500004,
              14.402456951000033
            ],
            [
              100.36236398900007,
              14.383852545000025
            ],
            [
              100.34775001800006,
              14.379962357000068
            ],
            [
              100.34011133400008,
              14.35898112500007
            ],
            [
              100.33353853500006,
              14.351967161000061
            ],
            [
              100.33464522300005,
              14.34808879700006
            ],
            [
              100.33274297800006,
              14.346628939000027
            ],
            [
              100.33412475100005,
              14.342973100000052
            ],
            [
              100.33545855200003,
              14.343093599000042
            ],
            [
              100.33736978600007,
              14.334077378000075
            ],
            [
              100.34866221500005,
              14.332094515000051
            ],
            [
              100.35399213900007,
              14.329561096000077
            ],
            [
              100.35661888000004,
              14.324943628000028
            ],
            [
              100.35519165500006,
              14.31982247700006
            ],
            [
              100.34823629800007,
              14.312065371000074
            ],
            [
              100.34721759900003,
              14.308727624000028
            ],
            [
              100.34451874800004,
              14.307464096000047
            ],
            [
              100.34511451300006,
              14.305451068000025
            ],
            [
              100.34254883700004,
              14.30496019800006
            ],
            [
              100.34312807600008,
              14.302141611000025
            ],
            [
              100.34155464200006,
              14.30153475000003
            ],
            [
              100.34302933800006,
              14.298623458000066
            ],
            [
              100.34022260300009,
              14.296871162000059
            ],
            [
              100.33162476600006,
              14.283612135000055
            ],
            [
              100.32755695300006,
              14.284073938000063
            ],
            [
              100.32783520300006,
              14.281061142000055
            ],
            [
              100.32117693400005,
              14.275307346000034
            ],
            [
              100.32170777100004,
              14.274055579000049
            ],
            [
              100.31754709200004,
              14.272966790000055
            ],
            [
              100.31805052700008,
              14.271443947000023
            ],
            [
              100.31685139400008,
              14.271283992000065
            ],
            [
              100.31564396600004,
              14.267368454000064
            ],
            [
              100.31377446600004,
              14.268102809000027
            ],
            [
              100.31139076900007,
              14.263594657000056
            ],
            [
              100.31081245600006,
              14.259808388000067
            ],
            [
              100.30474923700007,
              14.25342076000004
            ],
            [
              100.29729764300004,
              14.256453645000022
            ],
            [
              100.28995268200003,
              14.240756759000021
            ],
            [
              100.28542935500008,
              14.238755269000023
            ],
            [
              100.28446136500008,
              14.236523117000047
            ],
            [
              100.28041990500009,
              14.236911417000044
            ],
            [
              100.27899885700003,
              14.235434656000052
            ],
            [
              100.27403947400006,
              14.219173
            ]
          ]
        ]
      }
    },
    {
      "type": "Feature",
      "properties": {
        "districtCode": "78962969B60015542915267",
        "districtName": "Tha Ruea",
        "labelPoint": [
          100.71040928704323,
          14.533338549853115
        ],
        "sourceShapeID": "78962969B60015542915267",
        "shapeType": "ADM2"
      },
      "geometry": {
        "type": "Polygon",
        "coordinates": [
          [
            [
              100.62122765145479,
              14.546442335610678
            ],
            [
              100.63455635800005,
              14.535779502000025
            ],
            [
              100.64937486300005,
              14.531557010000029
            ],
            [
              100.66168734200005,
              14.509955785000045
            ],
            [
              100.67235332200005,
              14.501004783000042
            ],
            [
              100.67314796200009,
              14.496552789000077
            ],
            [
              100.68737385400004,
              14.494989823000026
            ],
            [
              100.70236862200005,
              14.495686974000023
            ],
            [
              100.71587094400007,
              14.503915777000032
            ],
            [
              100.72170057600005,
              14.504884409000056
            ],
            [
              100.72603671800005,
              14.504236647000027
            ],
            [
              100.73221940600007,
              14.500897592000058
            ],
            [
              100.73645019600008,
              14.495465460000048
            ],
            [
              100.74889279600006,
              14.485867724000059
            ],
            [
              100.75412187200004,
              14.491516282000077
            ],
            [
              100.75737893300004,
              14.488293845000044
            ],
            [
              100.76282427100006,
              14.487200323000025
            ],
            [
              100.76476623500008,
              14.490672503000042
            ],
            [
              100.7643651126898,
              14.493603598733618
            ],
            [
              100.76382977222849,
              14.494067968174935
            ],
            [
              100.76037043800005,
              14.494400159000065
            ],
            [
              100.7603453805181,
              14.497090427990347
            ],
            [
              100.750267,
              14.5058327
            ],
            [
              100.74968166685004,
              14.508557610087161
            ],
            [
              100.74927267900006,
              14.509131779000029
            ],
            [
              100.74743956200007,
              14.512905656000044
            ],
            [
              100.74846501300004,
              14.516605070000026
            ],
            [
              100.74975786500005,
              14.518453686000043
            ],
            [
              100.75259057557844,
              14.518092504459947
            ],
            [
              100.7530518,
              14.51861
            ],
            [
              100.75406645878819,
              14.51893037810397
            ],
            [
              100.75466097300006,
              14.519501079000065
            ],
            [
              100.75549083843467,
              14.519380125404032
            ],
            [
              100.76122282724388,
              14.521189998563415
            ],
            [
              100.76341521300009,
              14.523824570000045
            ],
            [
              100.76771066805756,
              14.524966952790846
            ],
            [
              100.7688828,
              14.5258312
            ],
            [
              100.7722168,
              14.5499992
            ],
            [
              100.7686005,
              14.5652752
            ],
            [
              100.76690745977395,
              14.566689261996125
            ],
            [
              100.75810426400005,
              14.569255960000078
            ],
            [
              100.7364725828333,
              14.569351837573926
            ],
            [
              100.7327576,
              14.5686092
            ],
            [
              100.7194366,
              14.5683308
            ],
            [
              100.7066498,
              14.5699978
            ],
            [
              100.6885834,
              14.5661087
            ],
            [
              100.6791534,
              14.560276
            ],
            [
              100.67654300897487,
              14.559275836487297
            ],
            [
              100.67635357600005,
              14.558148928000037
            ],
            [
              100.6715592105064,
              14.55736630901236
            ],
            [
              100.6665455384697,
              14.555445335569114
            ],
            [
              100.66649886900007,
              14.555098659000066
            ],
            [
              100.66565580113759,
              14.555104435371822
            ],
            [
              100.66376355583003,
              14.554379427242589
            ],
            [
              100.65883589900005,
              14.549939425000048
            ],
            [
              100.64784063300004,
              14.548472616000026
            ],
            [
              100.64718525287151,
              14.548640746195215
            ],
            [
              100.6241531,
              14.5461102
            ],
            [
              100.62122765145479,
              14.546442335610678
            ]
          ]
        ]
      }
    },
    {
      "type": "Feature",
      "properties": {
        "districtCode": "78962969B29377906715784",
        "districtName": "Uthai",
        "labelPoint": [
          100.69525532015268,
          14.356404934837567
        ],
        "sourceShapeID": "78962969B29377906715784",
        "shapeType": "ADM2"
      },
      "geometry": {
        "type": "Polygon",
        "coordinates": [
          [
            [
              100.60067348600006,
              14.342354284000066
            ],
            [
              100.60216275500005,
              14.340914333000057
            ],
            [
              100.60770954700007,
              14.34007650600006
            ],
            [
              100.60778769200004,
              14.34313592500007
            ],
            [
              100.61170583900008,
              14.345808359000046
            ],
            [
              100.61784860400007,
              14.345586068000046
            ],
            [
              100.61961484200003,
              14.346784059000072
            ],
            [
              100.62455099500005,
              14.342851720000056
            ],
            [
              100.62434120100005,
              14.339547387000039
            ],
            [
              100.62639550600005,
              14.336454152000044
            ],
            [
              100.62164384900007,
              14.33453008400005
            ],
            [
              100.62088507500005,
              14.33730735000006
            ],
            [
              100.61718195500004,
              14.337111363000076
            ],
            [
              100.61703156800007,
              14.335750377000068
            ],
            [
              100.62970402600007,
              14.323369060000061
            ],
            [
              100.65213801000004,
              14.322060928000042
            ],
            [
              100.65910791700009,
              14.322965929000077
            ],
            [
              100.66735827100007,
              14.315940387000069
            ],
            [
              100.66694890700006,
              14.313371730000028
            ],
            [
              100.66981374900007,
              14.311828899000034
            ],
            [
              100.66905389400006,
              14.310350365000033
            ],
            [
              100.67572484300007,
              14.310660792000022
            ],
            [
              100.67861150300007,
              14.30134100600003
            ],
            [
              100.68264910000005,
              14.301118247000034
            ],
            [
              100.68283819300007,
              14.299062724000066
            ],
            [
              100.68445208900005,
              14.30290068100004
            ],
            [
              100.68277857100009,
              14.308096066000076
            ],
            [
              100.68667067100006,
              14.30655190400006
            ],
            [
              100.69158858000009,
              14.308958027000074
            ],
            [
              100.69765327500005,
              14.306371377000062
            ],
            [
              100.71358898200003,
              14.306644946000063
            ],
            [
              100.71366352700005,
              14.304635725000026
            ],
            [
              100.71884626400004,
              14.301111272000071
            ],
            [
              100.72510435100008,
              14.299759126000026
            ],
            [
              100.72908630300009,
              14.303210295000042
            ],
            [
              100.73225539900005,
              14.298169448000067
            ],
            [
              100.77550453200007,
              14.318618553000022
            ],
            [
              100.77219969700008,
              14.325244041000076
            ],
            [
              100.77648210789137,
              14.32725730445936
            ],
            [
              100.7763824,
              14.3274965
            ],
            [
              100.77697059741288,
              14.329281917649933
            ],
            [
              100.77399025000005,
              14.336925916000041
            ],
            [
              100.78117611900007,
              14.341009210000038
            ],
            [
              100.78130449600008,
              14.346961151000073
            ],
            [
              100.78371855900008,
              14.34940419700007
            ],
            [
              100.78329327800009,
              14.354992976000062
            ],
            [
              100.78828203600006,
              14.356956642000057
            ],
            [
              100.79072616361186,
              14.360730808547379
            ],
            [
              100.791394520564,
              14.364410444405818
            ],
            [
              100.78743752400004,
              14.365028214000063
            ],
            [
              100.78677699600007,
              14.370244253000067
            ],
            [
              100.78444836300008,
              14.367195181000056
            ],
            [
              100.77415901800003,
              14.361445509000077
            ],
            [
              100.76951217300007,
              14.362902002000055
            ],
            [
              100.75704891300006,
              14.37736398800007
            ],
            [
              100.75714351700003,
              14.380524029000071
            ],
            [
              100.75305848400006,
              14.381175129000042
            ],
            [
              100.75011812400004,
              14.38902321300003
            ],
            [
              100.75128318700007,
              14.397877812000047
            ],
            [
              100.74646102100007,
              14.401366285000051
            ],
            [
              100.74433177100008,
              14.404984289000026
            ],
            [
              100.73812870600005,
              14.400095835000059
            ],
            [
              100.73240953900006,
              14.401971959000036
            ],
            [
              100.71968518500006,
              14.400086808000026
            ],
            [
              100.70985788300004,
              14.400710352000033
            ],
            [
              100.70803706600009,
              14.402621779000071
            ],
            [
              100.70574873500004,
              14.402382744000022
            ],
            [
              100.69734180000006,
              14.406217859000037
            ],
            [
              100.68916918900004,
              14.405319269000074
            ],
            [
              100.67408191000004,
              14.41188492200007
            ],
            [
              100.66413665600004,
              14.40769367200005
            ],
            [
              100.66018661900006,
              14.41602944400006
            ],
            [
              100.61463845400004,
              14.393230106000033
            ],
            [
              100.61687609500007,
              14.38670111700003
            ],
            [
              100.61346060800008,
              14.380722266000078
            ],
            [
              100.61619681700006,
              14.370401260000051
            ],
            [
              100.61480591800006,
              14.358684775000029
            ],
            [
              100.61270214700005,
              14.359275638000042
            ],
            [
              100.60671082100004,
              14.357369067000036
            ],
            [
              100.60334768600006,
              14.348304805000055
            ],
            [
              100.60086245400004,
              14.345543737000071
            ],
            [
              100.60067348600006,
              14.342354284000066
            ]
          ]
        ]
      }
    },
    {
      "type": "Feature",
      "properties": {
        "districtCode": "78962969B3503763709973",
        "districtName": "Wang Noi",
        "labelPoint": [
          100.72291435024674,
          14.244338481798902
        ],
        "sourceShapeID": "78962969B3503763709973",
        "shapeType": "ADM2"
      },
      "geometry": {
        "type": "Polygon",
        "coordinates": [
          [
            [
              100.61404218000007,
              14.192980551000062
            ],
            [
              100.61935461300004,
              14.189966722000065
            ],
            [
              100.61966335775605,
              14.144571342790956
            ],
            [
              100.62252799033458,
              14.144622681520458
            ],
            [
              100.69283364400007,
              14.181562083000074
            ],
            [
              100.75505067800003,
              14.211074445000065
            ],
            [
              100.8212830288372,
              14.242643523033674
            ],
            [
              100.82167617062161,
              14.243265650299442
            ],
            [
              100.82310913600008,
              14.247462161000044
            ],
            [
              100.82311125526171,
              14.249926326119205
            ],
            [
              100.8230362,
              14.2727757
            ],
            [
              100.8205414,
              14.2852764
            ],
            [
              100.8219299,
              14.3024979
            ],
            [
              100.8208313,
              14.3149986
            ],
            [
              100.8172073,
              14.3197193
            ],
            [
              100.8135986,
              14.3213863
            ],
            [
              100.7835999,
              14.3205528
            ],
            [
              100.78185756779264,
              14.321632622110362
            ],
            [
              100.77550453200007,
              14.318618553000022
            ],
            [
              100.73225539900005,
              14.298169448000067
            ],
            [
              100.72908630300009,
              14.303210295000042
            ],
            [
              100.72510435100008,
              14.299759126000026
            ],
            [
              100.71884626400004,
              14.301111272000071
            ],
            [
              100.71366352700005,
              14.304635725000026
            ],
            [
              100.71358898200003,
              14.306644946000063
            ],
            [
              100.69765327500005,
              14.306371377000062
            ],
            [
              100.69158858000009,
              14.308958027000074
            ],
            [
              100.68667067100006,
              14.30655190400006
            ],
            [
              100.68277857100009,
              14.308096066000076
            ],
            [
              100.68445208900005,
              14.30290068100004
            ],
            [
              100.68283819300007,
              14.299062724000066
            ],
            [
              100.68440418600005,
              14.29735183200006
            ],
            [
              100.68378329600006,
              14.294450864000055
            ],
            [
              100.68207285500006,
              14.29308375100004
            ],
            [
              100.68051847800007,
              14.286444107000023
            ],
            [
              100.67817432900006,
              14.285644239000021
            ],
            [
              100.67895902400005,
              14.283674445000031
            ],
            [
              100.67711473600008,
              14.277242185000034
            ],
            [
              100.67394127400007,
              14.274813186000074
            ],
            [
              100.67701003300004,
              14.268012210000052
            ],
            [
              100.66845547000008,
              14.265184085000044
            ],
            [
              100.66063477100005,
              14.255547812000032
            ],
            [
              100.65933513300007,
              14.250865928000053
            ],
            [
              100.65107432400004,
              14.244015808000029
            ],
            [
              100.64874652300006,
              14.23877894800006
            ],
            [
              100.63523181600004,
              14.23052866100005
            ],
            [
              100.63500784700005,
              14.22946649000005
            ],
            [
              100.63674901000007,
              14.229704343000037
            ],
            [
              100.64701791300007,
              14.22284213000006
            ],
            [
              100.64446449000008,
              14.218818765000037
            ],
            [
              100.64376619100005,
              14.212178856000037
            ],
            [
              100.64004445400008,
              14.213229678000062
            ],
            [
              100.63368494300005,
              14.20791532000004
            ],
            [
              100.62836857300005,
              14.207178390000024
            ],
            [
              100.62088880900006,
              14.200112453000031
            ],
            [
              100.61968633800007,
              14.196666609000033
            ],
            [
              100.61404218000007,
              14.192980551000062
            ]
          ]
        ]
      }
    }
  ]
}
